sk_tiempo,Fecha,Mes,Anio,Trimestre,DiaSemana,Temporada
0,2020-09-12,9,2020,3,7,2020/2021
1,2020-09-13,9,2020,3,1,2020/2021
2,2020-09-19,9,2020,3,7,2020/2021
3,2020-09-20,9,2020,3,1,2020/2021
4,2020-09-26,9,2020,3,7,2020/2021
5,2020-09-27,9,2020,3,1,2020/2021
6,2020-09-29,9,2020,3,3,2020/2021
7,2020-09-30,9,2020,3,4,2020/2021
8,2020-10-01,10,2020,4,5,2020/2021
9,2020-10-03,10,2020,4,7,2020/2021
10,2020-10-04,10,2020,4,1,2020/2021
11,2020-10-17,10,2020,4,7,2020/2021
12,2020-10-18,10,2020,4,1,2020/2021
13,2020-10-23,10,2020,4,6,2020/2021
14,2020-10-24,10,2020,4,7,2020/2021
15,2020-10-25,10,2020,4,1,2020/2021
16,2020-10-26,10,2020,4,2,2020/2021
17,2020-10-30,10,2020,4,6,2020/2021
18,2020-10-31,10,2020,4,7,2020/2021
19,2020-11-01,11,2020,4,1,2020/2021
20,2020-11-02,11,2020,4,2,2020/2021
21,2020-11-06,11,2020,4,6,2020/2021
22,2020-11-07,11,2020,4,7,2020/2021
23,2020-11-08,11,2020,4,1,2020/2021
24,2020-11-20,11,2020,4,6,2020/2021
25,2020-11-21,11,2020,4,7,2020/2021
26,2020-11-22,11,2020,4,1,2020/2021
27,2020-11-23,11,2020,4,2,2020/2021
28,2020-11-27,11,2020,4,6,2020/2021
29,2020-11-28,11,2020,4,7,2020/2021
30,2020-11-29,11,2020,4,1,2020/2021
31,2020-11-30,11,2020,4,2,2020/2021
32,2020-12-04,12,2020,4,6,2020/2021
33,2020-12-05,12,2020,4,7,2020/2021
34,2020-12-06,12,2020,4,1,2020/2021
35,2020-12-07,12,2020,4,2,2020/2021
36,2020-12-11,12,2020,4,6,2020/2021
37,2020-12-12,12,2020,4,7,2020/2021
38,2020-12-13,12,2020,4,1,2020/2021
39,2020-12-14,12,2020,4,2,2020/2021
40,2020-12-15,12,2020,4,3,2020/2021
41,2020-12-16,12,2020,4,4,2020/2021
42,2020-12-18,12,2020,4,6,2020/2021
43,2020-12-19,12,2020,4,7,2020/2021
44,2020-12-20,12,2020,4,1,2020/2021
45,2020-12-22,12,2020,4,3,2020/2021
46,2020-12-23,12,2020,4,4,2020/2021
47,2020-12-29,12,2020,4,3,2020/2021
48,2020-12-30,12,2020,4,4,2020/2021
49,2020-12-31,12,2020,4,5,2020/2021
50,2021-01-02,1,2021,1,7,2020/2021
51,2021-01-03,1,2021,1,1,2020/2021
52,2021-01-04,1,2021,1,2,2020/2021
53,2021-01-06,1,2021,1,4,2020/2021
54,2021-01-08,1,2021,1,6,2020/2021
55,2021-01-09,1,2021,1,7,2020/2021
56,2021-01-10,1,2021,1,1,2020/2021
57,2021-01-11,1,2021,1,2,2020/2021
58,2021-01-12,1,2021,1,3,2020/2021
59,2021-01-19,1,2021,1,3,2020/2021
60,2021-01-20,1,2021,1,4,2020/2021
61,2021-01-21,1,2021,1,5,2020/2021
62,2021-01-22,1,2021,1,6,2020/2021
63,2021-01-23,1,2021,1,7,2020/2021
64,2021-01-24,1,2021,1,1,2020/2021
65,2021-01-25,1,2021,1,2,2020/2021
66,2021-01-29,1,2021,1,6,2020/2021
67,2021-01-30,1,2021,1,7,2020/2021
68,2021-01-31,1,2021,1,1,2020/2021
69,2021-02-01,2,2021,1,2,2020/2021
70,2021-02-05,2,2021,1,6,2020/2021
71,2021-02-06,2,2021,1,7,2020/2021
72,2021-02-07,2,2021,1,1,2020/2021
73,2021-02-08,2,2021,1,2,2020/2021
74,2021-02-09,2,2021,1,3,2020/2021
75,2021-02-12,2,2021,1,6,2020/2021
76,2021-02-13,2,2021,1,7,2020/2021
77,2021-02-14,2,2021,1,1,2020/2021
78,2021-02-15,2,2021,1,2,2020/2021
79,2021-02-17,2,2021,1,4,2020/2021
80,2021-02-19,2,2021,1,6,2020/2021
81,2021-02-20,2,2021,1,7,2020/2021
82,2021-02-21,2,2021,1,1,2020/2021
83,2021-02-22,2,2021,1,2,2020/2021
84,2021-02-24,2,2021,1,4,2020/2021
85,2021-02-26,2,2021,1,6,2020/2021
86,2021-02-27,2,2021,1,7,2020/2021
87,2021-02-28,2,2021,1,1,2020/2021
88,2021-03-01,3,2021,1,2,2020/2021
89,2021-03-05,3,2021,1,6,2020/2021
90,2021-03-06,3,2021,1,7,2020/2021
91,2021-03-07,3,2021,1,1,2020/2021
92,2021-03-08,3,2021,1,2,2020/2021
93,2021-03-10,3,2021,1,4,2020/2021
94,2021-03-12,3,2021,1,6,2020/2021
95,2021-03-13,3,2021,1,7,2020/2021
96,2021-03-14,3,2021,1,1,2020/2021
97,2021-03-15,3,2021,1,2,2020/2021
98,2021-03-17,3,2021,1,4,2020/2021
99,2021-03-19,3,2021,1,6,2020/2021
100,2021-03-20,3,2021,1,7,2020/2021
101,2021-03-21,3,2021,1,1,2020/2021
102,2021-04-02,4,2021,2,6,2020/2021
103,2021-04-03,4,2021,2,7,2020/2021
104,2021-04-04,4,2021,2,1,2020/2021
105,2021-04-05,4,2021,2,2,2020/2021
106,2021-04-07,4,2021,2,4,2020/2021
107,2021-04-09,4,2021,2,6,2020/2021
108,2021-04-10,4,2021,2,7,2020/2021
109,2021-04-11,4,2021,2,1,2020/2021
110,2021-04-12,4,2021,2,2,2020/2021
111,2021-04-18,4,2021,2,1,2020/2021
112,2021-04-21,4,2021,2,4,2020/2021
113,2021-04-22,4,2021,2,5,2020/2021
114,2021-04-24,4,2021,2,7,2020/2021
115,2021-04-25,4,2021,2,1,2020/2021
116,2021-04-26,4,2021,2,2,2020/2021
117,2021-04-28,4,2021,2,4,2020/2021
118,2021-04-29,4,2021,2,5,2020/2021
119,2021-04-30,4,2021,2,6,2020/2021
120,2021-05-01,5,2021,2,7,2020/2021
121,2021-05-02,5,2021,2,1,2020/2021
122,2021-05-03,5,2021,2,2,2020/2021
123,2021-05-07,5,2021,2,6,2020/2021
124,2021-05-08,5,2021,2,7,2020/2021
125,2021-05-09,5,2021,2,1,2020/2021
126,2021-05-10,5,2021,2,2,2020/2021
127,2021-05-11,5,2021,2,3,2020/2021
128,2021-05-12,5,2021,2,4,2020/2021
129,2021-05-13,5,2021,2,5,2020/2021
130,2021-05-16,5,2021,2,1,2020/2021
131,2021-05-21,5,2021,2,6,2020/2021
132,2021-05-22,5,2021,2,7,2020/2021
133,2021-05-23,5,2021,2,1,2020/2021
134,2021-08-13,8,2021,3,6,2021/2022
135,2021-08-14,8,2021,3,7,2021/2022
136,2021-08-15,8,2021,3,1,2021/2022
137,2021-08-16,8,2021,3,2,2021/2022
138,2021-08-20,8,2021,3,6,2021/2022
139,2021-08-21,8,2021,3,7,2021/2022
140,2021-08-22,8,2021,3,1,2021/2022
141,2021-08-23,8,2021,3,2,2021/2022
142,2021-08-27,8,2021,3,6,2021/2022
143,2021-08-28,8,2021,3,7,2021/2022
144,2021-08-29,8,2021,3,1,2021/2022
145,2021-09-11,9,2021,3,7,2021/2022
146,2021-09-12,9,2021,3,1,2021/2022
147,2021-09-13,9,2021,3,2,2021/2022
148,2021-09-17,9,2021,3,6,2021/2022
149,2021-09-18,9,2021,3,7,2021/2022
150,2021-09-19,9,2021,3,1,2021/2022
151,2021-09-20,9,2021,3,2,2021/2022
152,2021-09-21,9,2021,3,3,2021/2022
153,2021-09-22,9,2021,3,4,2021/2022
154,2021-09-23,9,2021,3,5,2021/2022
155,2021-09-25,9,2021,3,7,2021/2022
156,2021-09-26,9,2021,3,1,2021/2022
157,2021-09-27,9,2021,3,2,2021/2022
158,2021-10-01,10,2021,4,6,2021/2022
159,2021-10-02,10,2021,4,7,2021/2022
160,2021-10-03,10,2021,4,1,2021/2022
161,2021-10-16,10,2021,4,7,2021/2022
162,2021-10-17,10,2021,4,1,2021/2022
163,2021-10-18,10,2021,4,2,2021/2022
164,2021-10-22,10,2021,4,6,2021/2022
165,2021-10-23,10,2021,4,7,2021/2022
166,2021-10-24,10,2021,4,1,2021/2022
167,2021-10-25,10,2021,4,2,2021/2022
168,2021-10-26,10,2021,4,3,2021/2022
169,2021-10-27,10,2021,4,4,2021/2022
170,2021-10-28,10,2021,4,5,2021/2022
171,2021-10-30,10,2021,4,7,2021/2022
172,2021-10-31,10,2021,4,1,2021/2022
173,2021-11-01,11,2021,4,2,2021/2022
174,2021-11-05,11,2021,4,6,2021/2022
175,2021-11-06,11,2021,4,7,2021/2022
176,2021-11-07,11,2021,4,1,2021/2022
177,2021-11-19,11,2021,4,6,2021/2022
178,2021-11-20,11,2021,4,7,2021/2022
179,2021-11-21,11,2021,4,1,2021/2022
180,2021-11-22,11,2021,4,2,2021/2022
181,2021-11-26,11,2021,4,6,2021/2022
182,2021-11-27,11,2021,4,7,2021/2022
183,2021-11-28,11,2021,4,1,2021/2022
184,2021-11-29,11,2021,4,2,2021/2022
185,2021-12-01,12,2021,4,4,2021/2022
186,2021-12-03,12,2021,4,6,2021/2022
187,2021-12-04,12,2021,4,7,2021/2022
188,2021-12-05,12,2021,4,1,2021/2022
189,2021-12-06,12,2021,4,2,2021/2022
190,2021-12-10,12,2021,4,6,2021/2022
191,2021-12-11,12,2021,4,7,2021/2022
192,2021-12-12,12,2021,4,1,2021/2022
193,2021-12-13,12,2021,4,2,2021/2022
194,2021-12-17,12,2021,4,6,2021/2022
195,2021-12-18,12,2021,4,7,2021/2022
196,2021-12-19,12,2021,4,1,2021/2022
197,2021-12-20,12,2021,4,2,2021/2022
198,2021-12-21,12,2021,4,3,2021/2022
199,2021-12-22,12,2021,4,4,2021/2022
200,2021-12-31,12,2021,4,6,2021/2022
201,2022-01-02,1,2022,1,1,2021/2022
202,2022-01-03,1,2022,1,2,2021/2022
203,2022-01-08,1,2022,1,7,2021/2022
204,2022-01-09,1,2022,1,1,2021/2022
205,2022-01-10,1,2022,1,2,2021/2022
206,2022-01-16,1,2022,1,1,2021/2022
207,2022-01-18,1,2022,1,3,2021/2022
208,2022-01-19,1,2022,1,4,2021/2022
209,2022-01-20,1,2022,1,5,2021/2022
210,2022-01-21,1,2022,1,6,2021/2022
211,2022-01-22,1,2022,1,7,2021/2022
212,2022-01-23,1,2022,1,1,2021/2022
213,2022-02-04,2,2022,1,6,2021/2022
214,2022-02-05,2,2022,1,7,2021/2022
215,2022-02-06,2,2022,1,1,2021/2022
216,2022-02-07,2,2022,1,2,2021/2022
217,2022-02-11,2,2022,1,6,2021/2022
218,2022-02-12,2,2022,1,7,2021/2022
219,2022-02-13,2,2022,1,1,2021/2022
220,2022-02-14,2,2022,1,2,2021/2022
221,2022-02-16,2,2022,1,4,2021/2022
222,2022-02-18,2,2022,1,6,2021/2022
223,2022-02-19,2,2022,1,7,2021/2022
224,2022-02-20,2,2022,1,1,2021/2022
225,2022-02-21,2,2022,1,2,2021/2022
226,2022-02-25,2,2022,1,6,2021/2022
227,2022-02-26,2,2022,1,7,2021/2022
228,2022-02-27,2,2022,1,1,2021/2022
229,2022-02-28,2,2022,1,2,2021/2022
230,2022-03-02,3,2022,1,4,2021/2022
231,2022-03-04,3,2022,1,6,2021/2022
232,2022-03-05,3,2022,1,7,2021/2022
233,2022-03-06,3,2022,1,1,2021/2022
234,2022-03-07,3,2022,1,2,2021/2022
235,2022-03-11,3,2022,1,6,2021/2022
236,2022-03-12,3,2022,1,7,2021/2022
237,2022-03-13,3,2022,1,1,2021/2022
238,2022-03-14,3,2022,1,2,2021/2022
239,2022-03-18,3,2022,1,6,2021/2022
240,2022-03-19,3,2022,1,7,2021/2022
241,2022-03-20,3,2022,1,1,2021/2022
242,2022-04-02,4,2022,2,7,2021/2022
243,2022-04-03,4,2022,2,1,2021/2022
244,2022-04-04,4,2022,2,2,2021/2022
245,2022-04-08,4,2022,2,6,2021/2022
246,2022-04-09,4,2022,2,7,2021/2022
247,2022-04-10,4,2022,2,1,2021/2022
248,2022-04-11,4,2022,2,2,2021/2022
249,2022-04-15,4,2022,2,6,2021/2022
250,2022-04-16,4,2022,2,7,2021/2022
251,2022-04-17,4,2022,2,1,2021/2022
252,2022-04-18,4,2022,2,2,2021/2022
253,2022-04-19,4,2022,2,3,2021/2022
254,2022-04-20,4,2022,2,4,2021/2022
255,2022-04-21,4,2022,2,5,2021/2022
256,2022-04-24,4,2022,2,1,2021/2022
257,2022-04-29,4,2022,2,6,2021/2022
258,2022-04-30,4,2022,2,7,2021/2022
259,2022-05-01,5,2022,2,1,2021/2022
260,2022-05-02,5,2022,2,2,2021/2022
261,2022-05-06,5,2022,2,6,2021/2022
262,2022-05-07,5,2022,2,7,2021/2022
263,2022-05-08,5,2022,2,1,2021/2022
264,2022-05-10,5,2022,2,3,2021/2022
265,2022-05-11,5,2022,2,4,2021/2022
266,2022-05-12,5,2022,2,5,2021/2022
267,2022-05-14,5,2022,2,7,2021/2022
268,2022-05-15,5,2022,2,1,2021/2022
269,2022-05-20,5,2022,2,6,2021/2022
270,2022-05-21,5,2022,2,7,2021/2022
271,2022-05-22,5,2022,2,1,2021/2022
272,2022-08-12,8,2022,3,6,2022/2023
273,2022-08-13,8,2022,3,7,2022/2023
274,2022-08-14,8,2022,3,1,2022/2023
275,2022-08-15,8,2022,3,2,2022/2023
276,2022-08-19,8,2022,3,6,2022/2023
277,2022-08-20,8,2022,3,7,2022/2023
278,2022-08-21,8,2022,3,1,2022/2023
279,2022-08-22,8,2022,3,2,2022/2023
280,2022-08-26,8,2022,3,6,2022/2023
281,2022-08-27,8,2022,3,7,2022/2023
282,2022-08-28,8,2022,3,1,2022/2023
283,2022-08-29,8,2022,3,2,2022/2023
284,2022-09-02,9,2022,3,6,2022/2023
285,2022-09-03,9,2022,3,7,2022/2023
286,2022-09-04,9,2022,3,1,2022/2023
287,2022-09-05,9,2022,3,2,2022/2023
288,2022-09-09,9,2022,3,6,2022/2023
289,2022-09-10,9,2022,3,7,2022/2023
290,2022-09-11,9,2022,3,1,2022/2023
291,2022-09-12,9,2022,3,2,2022/2023
292,2022-09-16,9,2022,3,6,2022/2023
293,2022-09-17,9,2022,3,7,2022/2023
294,2022-09-18,9,2022,3,1,2022/2023
295,2022-09-30,9,2022,3,6,2022/2023
296,2022-10-01,10,2022,4,7,2022/2023
297,2022-10-02,10,2022,4,1,2022/2023
298,2022-10-03,10,2022,4,2,2022/2023
299,2022-10-07,10,2022,4,6,2022/2023
300,2022-10-08,10,2022,4,7,2022/2023
301,2022-10-09,10,2022,4,1,2022/2023
302,2022-10-10,10,2022,4,2,2022/2023
303,2022-10-14,10,2022,4,6,2022/2023
304,2022-10-15,10,2022,4,7,2022/2023
305,2022-10-16,10,2022,4,1,2022/2023
306,2022-10-17,10,2022,4,2,2022/2023
307,2022-10-18,10,2022,4,3,2022/2023
308,2022-10-19,10,2022,4,4,2022/2023
309,2022-10-20,10,2022,4,5,2022/2023
310,2022-10-22,10,2022,4,7,2022/2023
311,2022-10-23,10,2022,4,1,2022/2023
312,2022-10-24,10,2022,4,2,2022/2023
313,2022-10-28,10,2022,4,6,2022/2023
314,2022-10-29,10,2022,4,7,2022/2023
315,2022-10-30,10,2022,4,1,2022/2023
316,2022-10-31,10,2022,4,2,2022/2023
317,2022-11-04,11,2022,4,6,2022/2023
318,2022-11-05,11,2022,4,7,2022/2023
319,2022-11-06,11,2022,4,1,2022/2023
320,2022-11-07,11,2022,4,2,2022/2023
321,2022-11-08,11,2022,4,3,2022/2023
322,2022-11-09,11,2022,4,4,2022/2023
323,2022-11-10,11,2022,4,5,2022/2023
324,2022-12-29,12,2022,4,5,2022/2023
325,2022-12-30,12,2022,4,6,2022/2023
326,2022-12-31,12,2022,4,7,2022/2023
327,2023-01-06,1,2023,1,6,2022/2023
328,2023-01-07,1,2023,1,7,2022/2023
329,2023-01-08,1,2023,1,1,2022/2023
330,2023-01-09,1,2023,1,2,2022/2023
331,2023-01-13,1,2023,1,6,2022/2023
332,2023-01-14,1,2023,1,7,2022/2023
333,2023-01-15,1,2023,1,1,2022/2023
334,2023-01-16,1,2023,1,2,2022/2023
335,2023-01-20,1,2023,1,6,2022/2023
336,2023-01-21,1,2023,1,7,2022/2023
337,2023-01-22,1,2023,1,1,2022/2023
338,2023-01-23,1,2023,1,2,2022/2023
339,2023-01-27,1,2023,1,6,2022/2023
340,2023-01-28,1,2023,1,7,2022/2023
341,2023-01-29,1,2023,1,1,2022/2023
342,2023-01-30,1,2023,1,2,2022/2023
343,2023-02-01,2,2023,1,4,2022/2023
344,2023-02-02,2,2023,1,5,2022/2023
345,2023-02-03,2,2023,1,6,2022/2023
346,2023-02-04,2,2023,1,7,2022/2023
347,2023-02-05,2,2023,1,1,2022/2023
348,2023-02-06,2,2023,1,2,2022/2023
349,2023-02-10,2,2023,1,6,2022/2023
350,2023-02-11,2,2023,1,7,2022/2023
351,2023-02-12,2,2023,1,1,2022/2023
352,2023-02-13,2,2023,1,2,2022/2023
353,2023-02-15,2,2023,1,4,2022/2023
354,2023-02-17,2,2023,1,6,2022/2023
355,2023-02-18,2,2023,1,7,2022/2023
356,2023-02-19,2,2023,1,1,2022/2023
357,2023-02-20,2,2023,1,2,2022/2023
358,2023-02-24,2,2023,1,6,2022/2023
359,2023-02-25,2,2023,1,7,2022/2023
360,2023-02-26,2,2023,1,1,2022/2023
361,2023-02-27,2,2023,1,2,2022/2023
362,2023-03-03,3,2023,1,6,2022/2023
363,2023-03-04,3,2023,1,7,2022/2023
364,2023-03-05,3,2023,1,1,2022/2023
365,2023-03-06,3,2023,1,2,2022/2023
366,2023-03-10,3,2023,1,6,2022/2023
367,2023-03-11,3,2023,1,7,2022/2023
368,2023-03-12,3,2023,1,1,2022/2023
369,2023-03-13,3,2023,1,2,2022/2023
370,2023-03-17,3,2023,1,6,2022/2023
371,2023-03-18,3,2023,1,7,2022/2023
372,2023-03-19,3,2023,1,1,2022/2023
373,2023-03-31,3,2023,1,6,2022/2023
374,2023-04-01,4,2023,2,7,2022/2023
375,2023-04-02,4,2023,2,1,2022/2023
376,2023-04-03,4,2023,2,2,2022/2023
377,2023-04-07,4,2023,2,6,2022/2023
378,2023-04-08,4,2023,2,7,2022/2023
379,2023-04-09,4,2023,2,1,2022/2023
380,2023-04-10,4,2023,2,2,2022/2023
381,2023-04-14,4,2023,2,6,2022/2023
382,2023-04-15,4,2023,2,7,2022/2023
383,2023-04-16,4,2023,2,1,2022/2023
384,2023-04-17,4,2023,2,2,2022/2023
385,2023-04-21,4,2023,2,6,2022/2023
386,2023-04-22,4,2023,2,7,2022/2023
387,2023-04-23,4,2023,2,1,2022/2023
388,2023-04-25,4,2023,2,3,2022/2023
389,2023-04-26,4,2023,2,4,2022/2023
390,2023-04-27,4,2023,2,5,2022/2023
391,2023-04-28,4,2023,2,6,2022/2023
392,2023-04-29,4,2023,2,7,2022/2023
393,2023-04-30,4,2023,2,1,2022/2023
394,2023-05-01,5,2023,2,2,2022/2023
395,2023-05-02,5,2023,2,3,2022/2023
396,2023-05-03,5,2023,2,4,2022/2023
397,2023-05-04,5,2023,2,5,2022/2023
398,2023-05-12,5,2023,2,6,2022/2023
399,2023-05-13,5,2023,2,7,2022/2023
400,2023-05-14,5,2023,2,1,2022/2023
401,2023-05-15,5,2023,2,2,2022/2023
402,2023-05-19,5,2023,2,6,2022/2023
403,2023-05-20,5,2023,2,7,2022/2023
404,2023-05-21,5,2023,2,1,2022/2023
405,2023-05-23,5,2023,2,3,2022/2023
406,2023-05-24,5,2023,2,4,2022/2023
407,2023-05-25,5,2023,2,5,2022/2023
408,2023-05-27,5,2023,2,7,2022/2023
409,2023-05-28,5,2023,2,1,2022/2023
410,2023-06-04,6,2023,2,1,2022/2023
411,2023-08-11,8,2023,3,6,2023/2024
412,2023-08-12,8,2023,3,7,2023/2024
413,2023-08-13,8,2023,3,1,2023/2024
414,2023-08-14,8,2023,3,2,2023/2024
415,2023-08-18,8,2023,3,6,2023/2024
416,2023-08-19,8,2023,3,7,2023/2024
417,2023-08-20,8,2023,3,1,2023/2024
418,2023-08-21,8,2023,3,2,2023/2024
419,2023-08-25,8,2023,3,6,2023/2024
420,2023-08-26,8,2023,3,7,2023/2024
421,2023-08-27,8,2023,3,1,2023/2024
422,2023-08-28,8,2023,3,2,2023/2024
423,2023-09-01,9,2023,3,6,2023/2024
424,2023-09-02,9,2023,3,7,2023/2024
425,2023-09-03,9,2023,3,1,2023/2024
426,2023-09-15,9,2023,3,6,2023/2024
427,2023-09-16,9,2023,3,7,2023/2024
428,2023-09-17,9,2023,3,1,2023/2024
429,2023-09-18,9,2023,3,2,2023/2024
430,2023-09-22,9,2023,3,6,2023/2024
431,2023-09-23,9,2023,3,7,2023/2024
432,2023-09-24,9,2023,3,1,2023/2024
433,2023-09-26,9,2023,3,3,2023/2024
434,2023-09-27,9,2023,3,4,2023/2024
435,2023-09-28,9,2023,3,5,2023/2024
436,2023-09-29,9,2023,3,6,2023/2024
437,2023-09-30,9,2023,3,7,2023/2024
438,2023-10-01,10,2023,4,1,2023/2024
439,2023-10-02,10,2023,4,2,2023/2024
440,2023-10-06,10,2023,4,6,2023/2024
441,2023-10-07,10,2023,4,7,2023/2024
442,2023-10-08,10,2023,4,1,2023/2024
443,2023-10-20,10,2023,4,6,2023/2024
444,2023-10-21,10,2023,4,7,2023/2024
445,2023-10-22,10,2023,4,1,2023/2024
446,2023-10-23,10,2023,4,2,2023/2024
447,2023-10-27,10,2023,4,6,2023/2024
448,2023-10-28,10,2023,4,7,2023/2024
449,2023-10-29,10,2023,4,1,2023/2024
450,2023-10-30,10,2023,4,2,2023/2024
451,2023-11-03,11,2023,4,6,2023/2024
452,2023-11-04,11,2023,4,7,2023/2024
453,2023-11-05,11,2023,4,1,2023/2024
454,2023-11-06,11,2023,4,2,2023/2024
455,2023-11-10,11,2023,4,6,2023/2024
456,2023-11-11,11,2023,4,7,2023/2024
457,2023-11-12,11,2023,4,1,2023/2024
458,2023-11-24,11,2023,4,6,2023/2024
459,2023-11-25,11,2023,4,7,2023/2024
460,2023-11-26,11,2023,4,1,2023/2024
461,2023-11-27,11,2023,4,2,2023/2024
462,2023-11-29,11,2023,4,4,2023/2024
463,2023-12-01,12,2023,4,6,2023/2024
464,2023-12-02,12,2023,4,7,2023/2024
465,2023-12-03,12,2023,4,1,2023/2024
466,2023-12-04,12,2023,4,2,2023/2024
467,2023-12-08,12,2023,4,6,2023/2024
468,2023-12-09,12,2023,4,7,2023/2024
469,2023-12-10,12,2023,4,1,2023/2024
470,2023-12-11,12,2023,4,2,2023/2024
471,2023-12-15,12,2023,4,6,2023/2024
472,2023-12-16,12,2023,4,7,2023/2024
473,2023-12-17,12,2023,4,1,2023/2024
474,2023-12-18,12,2023,4,2,2023/2024
475,2023-12-19,12,2023,4,3,2023/2024
476,2023-12-20,12,2023,4,4,2023/2024
477,2023-12-21,12,2023,4,5,2023/2024
478,2023-12-23,12,2023,4,7,2023/2024
479,2024-01-02,1,2024,1,3,2023/2024
480,2024-01-03,1,2024,1,4,2023/2024
481,2024-01-04,1,2024,1,5,2023/2024
482,2024-01-12,1,2024,1,6,2023/2024
483,2024-01-13,1,2024,1,7,2023/2024
484,2024-01-14,1,2024,1,1,2023/2024
485,2024-01-19,1,2024,1,6,2023/2024
486,2024-01-20,1,2024,1,7,2023/2024
487,2024-01-21,1,2024,1,1,2023/2024
488,2024-01-22,1,2024,1,2,2023/2024
489,2024-01-26,1,2024,1,6,2023/2024
490,2024-01-27,1,2024,1,7,2023/2024
491,2024-01-28,1,2024,1,1,2023/2024
492,2024-01-29,1,2024,1,2,2023/2024
493,2024-01-31,1,2024,1,4,2023/2024
494,2024-02-01,2,2024,1,5,2023/2024
495,2024-02-02,2,2024,1,6,2023/2024
496,2024-02-03,2,2024,1,7,2023/2024
497,2024-02-04,2,2024,1,1,2023/2024
498,2024-02-05,2,2024,1,2,2023/2024
499,2024-02-09,2,2024,1,6,2023/2024
500,2024-02-10,2,2024,1,7,2023/2024
501,2024-02-11,2,2024,1,1,2023/2024
502,2024-02-12,2,2024,1,2,2023/2024
503,2024-02-16,2,2024,1,6,2023/2024
504,2024-02-17,2,2024,1,7,2023/2024
505,2024-02-18,2,2024,1,1,2023/2024
506,2024-02-19,2,2024,1,2,2023/2024
507,2024-02-23,2,2024,1,6,2023/2024
508,2024-02-24,2,2024,1,7,2023/2024
509,2024-02-25,2,2024,1,1,2023/2024
510,2024-02-26,2,2024,1,2,2023/2024
511,2024-03-01,3,2024,1,6,2023/2024
512,2024-03-02,3,2024,1,7,2023/2024
513,2024-03-03,3,2024,1,1,2023/2024
514,2024-03-04,3,2024,1,2,2023/2024
515,2024-03-08,3,2024,1,6,2023/2024
516,2024-03-09,3,2024,1,7,2023/2024
517,2024-03-10,3,2024,1,1,2023/2024
518,2024-03-11,3,2024,1,2,2023/2024
519,2024-03-15,3,2024,1,6,2023/2024
520,2024-03-16,3,2024,1,7,2023/2024
521,2024-03-17,3,2024,1,1,2023/2024
522,2024-03-29,3,2024,1,6,2023/2024
523,2024-03-30,3,2024,1,7,2023/2024
524,2024-03-31,3,2024,1,1,2023/2024
525,2024-04-01,4,2024,2,2,2023/2024
526,2024-04-04,4,2024,2,5,2023/2024
527,2024-04-12,4,2024,2,6,2023/2024
528,2024-04-13,4,2024,2,7,2023/2024
529,2024-04-14,4,2024,2,1,2023/2024
530,2024-04-15,4,2024,2,2,2023/2024
531,2024-04-19,4,2024,2,6,2023/2024
532,2024-04-20,4,2024,2,7,2023/2024
533,2024-04-21,4,2024,2,1,2023/2024
534,2024-04-22,4,2024,2,2,2023/2024
535,2024-04-26,4,2024,2,6,2023/2024
536,2024-04-27,4,2024,2,7,2023/2024
537,2024-04-28,4,2024,2,1,2023/2024
538,2024-04-29,4,2024,2,2,2023/2024
539,2024-05-03,5,2024,2,6,2023/2024
540,2024-05-04,5,2024,2,7,2023/2024
541,2024-05-05,5,2024,2,1,2023/2024
542,2024-05-10,5,2024,2,6,2023/2024
543,2024-05-11,5,2024,2,7,2023/2024
544,2024-05-12,5,2024,2,1,2023/2024
545,2024-05-13,5,2024,2,2,2023/2024
546,2024-05-14,5,2024,2,3,2023/2024
547,2024-05-15,5,2024,2,4,2023/2024
548,2024-05-16,5,2024,2,5,2023/2024
549,2024-05-18,5,2024,2,7,2023/2024
550,2024-05-19,5,2024,2,1,2023/2024
551,2024-05-24,5,2024,2,6,2023/2024
552,2024-05-25,5,2024,2,7,2023/2024
553,2024-05-26,5,2024,2,1,2023/2024
554,2024-08-15,8,2024,3,5,2024/2025
555,2024-08-16,8,2024,3,6,2024/2025
556,2024-08-17,8,2024,3,7,2024/2025
557,2024-08-18,8,2024,3,1,2024/2025
558,2024-08-19,8,2024,3,2,2024/2025
559,2024-08-23,8,2024,3,6,2024/2025
560,2024-08-24,8,2024,3,7,2024/2025
561,2024-08-25,8,2024,3,1,2024/2025
562,2024-08-26,8,2024,3,2,2024/2025
563,2024-08-27,8,2024,3,3,2024/2025
564,2024-08-28,8,2024,3,4,2024/2025
565,2024-08-29,8,2024,3,5,2024/2025
566,2024-08-31,8,2024,3,7,2024/2025
567,2024-09-01,9,2024,3,1,2024/2025
568,2024-09-13,9,2024,3,6,2024/2025
569,2024-09-14,9,2024,3,7,2024/2025
570,2024-09-15,9,2024,3,1,2024/2025
571,2024-09-16,9,2024,3,2,2024/2025
572,2024-09-17,9,2024,3,3,2024/2025
573,2024-09-18,9,2024,3,4,2024/2025
574,2024-09-19,9,2024,3,5,2024/2025
575,2024-09-20,9,2024,3,6,2024/2025
576,2024-09-21,9,2024,3,7,2024/2025
577,2024-09-22,9,2024,3,1,2024/2025
578,2024-09-23,9,2024,3,2,2024/2025
579,2024-09-24,9,2024,3,3,2024/2025
580,2024-09-25,9,2024,3,4,2024/2025
581,2024-09-26,9,2024,3,5,2024/2025
582,2024-09-27,9,2024,3,6,2024/2025
583,2024-09-28,9,2024,3,7,2024/2025
584,2024-09-29,9,2024,3,1,2024/2025
585,2024-09-30,9,2024,3,2,2024/2025
586,2024-10-04,10,2024,4,6,2024/2025
587,2024-10-05,10,2024,4,7,2024/2025
588,2024-10-06,10,2024,4,1,2024/2025
589,2024-10-18,10,2024,4,6,2024/2025
590,2024-10-19,10,2024,4,7,2024/2025
591,2024-10-20,10,2024,4,1,2024/2025
592,2024-10-21,10,2024,4,2,2024/2025
593,2024-10-25,10,2024,4,6,2024/2025
594,2024-10-26,10,2024,4,7,2024/2025
595,2024-10-27,10,2024,4,1,2024/2025
596,2024-10-28,10,2024,4,2,2024/2025
597,2024-11-01,11,2024,4,6,2024/2025
598,2024-11-02,11,2024,4,7,2024/2025
599,2024-11-03,11,2024,4,1,2024/2025
600,2024-11-04,11,2024,4,2,2024/2025
601,2024-11-08,11,2024,4,6,2024/2025
602,2024-11-09,11,2024,4,7,2024/2025
603,2024-11-10,11,2024,4,1,2024/2025
604,2024-11-22,11,2024,4,6,2024/2025
605,2024-11-23,11,2024,4,7,2024/2025
606,2024-11-24,11,2024,4,1,2024/2025
607,2024-11-29,11,2024,4,6,2024/2025
608,2024-11-30,11,2024,4,7,2024/2025
609,2024-12-01,12,2024,4,1,2024/2025
610,2024-12-02,12,2024,4,2,2024/2025
611,2024-12-03,12,2024,4,3,2024/2025
612,2024-12-04,12,2024,4,4,2024/2025
613,2024-12-06,12,2024,4,6,2024/2025
614,2024-12-07,12,2024,4,7,2024/2025
615,2024-12-08,12,2024,4,1,2024/2025
616,2024-12-09,12,2024,4,2,2024/2025
617,2024-12-13,12,2024,4,6,2024/2025
618,2024-12-14,12,2024,4,7,2024/2025
619,2024-12-15,12,2024,4,1,2024/2025
620,2024-12-18,12,2024,4,4,2024/2025
621,2024-12-20,12,2024,4,6,2024/2025
622,2024-12-21,12,2024,4,7,2024/2025
623,2024-12-22,12,2024,4,1,2024/2025
624,2025-01-03,1,2025,1,6,2024/2025
625,2025-01-10,1,2025,1,6,2024/2025
626,2025-01-11,1,2025,1,7,2024/2025
627,2025-01-12,1,2025,1,1,2024/2025
628,2025-01-13,1,2025,1,2,2024/2025
629,2025-01-17,1,2025,1,6,2024/2025
630,2025-01-18,1,2025,1,7,2024/2025
631,2025-01-19,1,2025,1,1,2024/2025
632,2025-01-20,1,2025,1,2,2024/2025
633,2025-01-24,1,2025,1,6,2024/2025
634,2025-01-25,1,2025,1,7,2024/2025
635,2025-01-26,1,2025,1,1,2024/2025
636,2025-01-27,1,2025,1,2,2024/2025
637,2025-01-31,1,2025,1,6,2024/2025
638,2025-02-01,2,2025,1,7,2024/2025
639,2025-02-02,2,2025,1,1,2024/2025
640,2025-02-03,2,2025,1,2,2024/2025
641,2025-02-07,2,2025,1,6,2024/2025
642,2025-02-08,2,2025,1,7,2024/2025
643,2025-02-09,2,2025,1,1,2024/2025
644,2025-02-10,2,2025,1,2,2024/2025
645,2025-02-14,2,2025,1,6,2024/2025
646,2025-02-15,2,2025,1,7,2024/2025
647,2025-02-16,2,2025,1,1,2024/2025
648,2025-02-17,2,2025,1,2,2024/2025
649,2025-02-21,2,2025,1,6,2024/2025
650,2025-02-22,2,2025,1,7,2024/2025
651,2025-02-23,2,2025,1,1,2024/2025
652,2025-02-24,2,2025,1,2,2024/2025
653,2025-02-28,2,2025,1,6,2024/2025
654,2025-03-01,3,2025,1,7,2024/2025
655,2025-03-02,3,2025,1,1,2024/2025
656,2025-03-08,3,2025,1,7,2024/2025
657,2025-03-09,3,2025,1,1,2024/2025
658,2025-03-10,3,2025,1,2,2024/2025
659,2025-03-14,3,2025,1,6,2024/2025
660,2025-03-15,3,2025,1,7,2024/2025
661,2025-03-16,3,2025,1,1,2024/2025
662,2025-03-27,3,2025,1,5,2024/2025
663,2025-03-29,3,2025,1,7,2024/2025
664,2025-03-30,3,2025,1,1,2024/2025
665,2025-03-31,3,2025,1,2,2024/2025
666,2025-04-04,4,2025,2,6,2024/2025
667,2025-04-05,4,2025,2,7,2024/2025
668,2025-04-06,4,2025,2,1,2024/2025
669,2025-04-07,4,2025,2,2,2024/2025
670,2025-04-11,4,2025,2,6,2024/2025
671,2025-04-12,4,2025,2,7,2024/2025
672,2025-04-13,4,2025,2,1,2024/2025
673,2025-04-14,4,2025,2,2,2024/2025
674,2025-04-18,4,2025,2,6,2024/2025
675,2025-04-19,4,2025,2,7,2024/2025
676,2025-04-20,4,2025,2,1,2024/2025
677,2025-04-21,4,2025,2,2,2024/2025
678,2025-04-22,4,2025,2,3,2024/2025
679,2025-04-23,4,2025,2,4,2024/2025
680,2025-04-24,4,2025,2,5,2024/2025
681,2025-04-27,4,2025,2,1,2024/2025
682,2025-05-02,5,2025,2,6,2024/2025
683,2025-05-03,5,2025,2,7,2024/2025
684,2025-05-04,5,2025,2,1,2024/2025
685,2025-05-05,5,2025,2,2,2024/2025
686,2025-05-09,5,2025,2,6,2024/2025
687,2025-05-10,5,2025,2,7,2024/2025
688,2025-05-11,5,2025,2,1,2024/2025
689,2025-05-13,5,2025,2,3,2024/2025
690,2025-05-14,5,2025,2,4,2024/2025
691,2025-05-15,5,2025,2,5,2024/2025
692,2025-05-18,5,2025,2,1,2024/2025
693,2025-05-23,5,2025,2,6,2024/2025
694,2025-05-24,5,2025,2,7,2024/2025
695,2025-05-25,5,2025,2,1,2024/2025
